,DPU accuracy,CPU accuracy,Build time on DPU,Build time on CPU,Total time on DPU,Total time on CPU
100,0.635726,0.654442,14.677905318996636,67.41541895200498,25.403797834995203,68.79579519300023
300,0.65301,0.654442,5.892312051990302,67.41541895200498,9.739792729989858,68.79579519300023
1000,0.653494,0.654442,3.403231820993824,67.41541895200498,6.337553714984097,68.79579519300023
2524,0.668854,0.654442,3.2305887499824166,67.41541895200498,7.133263666997664,68.79579519300023
