,DPU accuracy,CPU accuracy,Build time on DPU,Build time on CPU,Total time on DPU,Total time on CPU
10,0.784685,0.793027,8.33140588698734,2.123142494005151,9.49710866100213,2.247364684997592
30,0.7702486666666667,0.7818543333333333,8.370584268996026,8.529515094996896,11.258432717993855,8.934223094998742
100,0.7633498,0.7840642,8.428060386999277,33.047634020011174,14.261116184003185,34.48750113800634
300,0.7699474666666667,0.7832706,8.42827182399924,113.96372933400562,18.101006627999595,118.71260246800375
1000,0.76736445,0.78999875,8.822728733997792,437.2483872899902,35.24099539399322,453.88137914000254
2524,0.7553525277337559,0.784215764659271,9.591764811004396,1168.9082677480037,76.26381396999932,1212.4201326549955
