,DPU accuracy,CPU accuracy,Build time on DPU,Build time on CPU,Total time on DPU,Total time on CPU
100,0.791485736925515,0.7966442155309034,1.4846328989951871,0.3159728660102701,3.81749189599941,0.3414010029955534
300,0.7871975699947173,0.7834693608029583,1.6069748860027175,1.4397821040038252,3.977111671003513,1.5262948800082086
1000,0.7791311410459588,0.7855130744849446,1.717301442011376,6.0069870080042165,4.368524025005172,6.338849066989496
3000,0.7740603539355521,0.7854026677231907,1.9732781389902811,26.953712169997743,5.718543811002746,28.219126330004656
10000,0.7556403724247227,0.7816004358161648,2.651749110998935,83.31002618800267,9.298141070001293,87.30347651599732
30000,0.7715071579503434,0.788651413100898,4.238167357994826,344.1015061309881,24.776380959010567,358.27433723599825
100000,0.7434146632329636,0.784215764659271,9.368355810001958,1388.1487702110026,83.27033133199438,1440.0910280890093
300000,0.7663772834125726,0.778322912044374,25.54984141199384,4113.248340290011,237.15944736699748,4276.8469569989975
